fixture_id,pair_id,slot0_agent_id,slot1_agent_id,seed,episodes,slot0_wins,slot1_wins,draws,slot0_win_rate,slot1_win_rate,draw_rate,slot0_avg_reward,slot1_avg_reward,avg_reward_margin_slot0,avg_episode_length,video_path
sp_fixed__vs__tp_fixed_a0__leg0,sp_fixed__vs__tp_fixed_a0,sp_fixed,tp_fixed_a0,901,50,26,6,18,0.52,0.12,0.36,1955.1689383151333,-1141.6111043914843,3096.780042706618,356.86,reports/league/formal_best10_full_ep50_allpairs_color_video_seed901/videos/sp_fixed__vs__tp_fixed_a0__slot0_sp_fixed__slot1_tp_fixed_a0__seed901.mp4
sp_fixed__vs__tp_fixed_a0__leg1,sp_fixed__vs__tp_fixed_a0,tp_fixed_a0,sp_fixed,902,50,29,12,9,0.58,0.24,0.18,2141.0484692748696,-930.2180581156786,3071.266527390548,291.6,
sp_fixed__vs__tp_fixed_a1__leg0,sp_fixed__vs__tp_fixed_a1,sp_fixed,tp_fixed_a1,903,50,44,2,4,0.88,0.04,0.08,2991.716871522771,-1410.9804693916512,4402.697340914422,268.48,reports/league/formal_best10_full_ep50_allpairs_color_video_seed901/videos/sp_fixed__vs__tp_fixed_a1__slot0_sp_fixed__slot1_tp_fixed_a1__seed903.mp4
sp_fixed__vs__tp_fixed_a1__leg1,sp_fixed__vs__tp_fixed_a1,tp_fixed_a1,sp_fixed,904,50,10,21,19,0.2,0.42,0.38,24.692432426859472,226.1395264704962,-201.44709404363675,362.68,
sp_fixed__vs__sp_morph__leg0,sp_fixed__vs__sp_morph,sp_fixed,sp_morph,905,50,24,9,17,0.48,0.18,0.34,2046.6442053300257,-945.0728794332333,2991.717084763259,339.22,reports/league/formal_best10_full_ep50_allpairs_color_video_seed901/videos/sp_fixed__vs__sp_morph__slot0_sp_fixed__slot1_sp_morph__seed905.mp4
sp_fixed__vs__sp_morph__leg1,sp_fixed__vs__sp_morph,sp_morph,sp_fixed,906,50,37,6,7,0.74,0.12,0.14,2675.3821033602962,-1560.8852408522653,4236.2673442125615,252.58,
sp_fixed__vs__tp_morph_a0__leg0,sp_fixed__vs__tp_morph_a0,sp_fixed,tp_morph_a0,907,50,20,9,21,0.4,0.18,0.42,1839.9760624302844,-941.7921614028311,2781.7682238331167,369.72,reports/league/formal_best10_full_ep50_allpairs_color_video_seed901/videos/sp_fixed__vs__tp_morph_a0__slot0_sp_fixed__slot1_tp_morph_a0__seed907.mp4
sp_fixed__vs__tp_morph_a0__leg1,sp_fixed__vs__tp_morph_a0,tp_morph_a0,sp_fixed,908,50,33,6,11,0.66,0.12,0.22,2849.4032236270073,-1485.9048903868108,4335.308114013818,298.26,
sp_fixed__vs__tp_morph_a1__leg0,sp_fixed__vs__tp_morph_a1,sp_fixed,tp_morph_a1,909,50,6,13,31,0.12,0.26,0.62,-48.49665070485521,145.97221560446908,-194.46886630932428,394.54,reports/league/formal_best10_full_ep50_allpairs_color_video_seed901/videos/sp_fixed__vs__tp_morph_a1__slot0_sp_fixed__slot1_tp_morph_a1__seed909.mp4
sp_fixed__vs__tp_morph_a1__leg1,sp_fixed__vs__tp_morph_a1,tp_morph_a1,sp_fixed,910,50,9,10,31,0.18,0.2,0.62,-692.6556379592984,-365.37431222291366,-327.2813257363845,410.0,
sp_fixed__vs__tp_mixed_a0_morph__leg0,sp_fixed__vs__tp_mixed_a0_morph,sp_fixed,tp_mixed_a0_morph,911,50,11,6,33,0.22,0.12,0.66,1602.9908300550271,-1037.6353793475544,2640.6262094025815,441.26,reports/league/formal_best10_full_ep50_allpairs_color_video_seed901/videos/sp_fixed__vs__tp_mixed_a0_morph__slot0_sp_fixed__slot1_tp_mixed_a0_morph__seed911.mp4
sp_fixed__vs__tp_mixed_a0_morph__leg1,sp_fixed__vs__tp_mixed_a0_morph,tp_mixed_a0_morph,sp_fixed,912,50,36,1,13,0.72,0.02,0.26,2779.249077534925,-1869.2564591426897,4648.505536677615,278.46,
sp_fixed__vs__tp_mixed_a1_fixed__leg0,sp_fixed__vs__tp_mixed_a1_fixed,sp_fixed,tp_mixed_a1_fixed,913,50,7,7,36,0.14,0.14,0.72,172.17542389036177,-329.01368296555074,501.18910685591254,454.26,reports/league/formal_best10_full_ep50_allpairs_color_video_seed901/videos/sp_fixed__vs__tp_mixed_a1_fixed__slot0_sp_fixed__slot1_tp_mixed_a1_fixed__seed913.mp4
sp_fixed__vs__tp_mixed_a1_fixed__leg1,sp_fixed__vs__tp_mixed_a1_fixed,tp_mixed_a1_fixed,sp_fixed,914,50,6,9,35,0.12,0.18,0.7,-264.3288548466307,-377.0527640171498,112.72390917051912,425.3,
sp_fixed__vs__tp_morph_delay200_a0__leg0,sp_fixed__vs__tp_morph_delay200_a0,sp_fixed,tp_morph_delay200_a0,915,50,30,7,13,0.6,0.14,0.26,2297.0269157753614,-1018.9700775710537,3315.996993346415,294.86,reports/league/formal_best10_full_ep50_allpairs_color_video_seed901/videos/sp_fixed__vs__tp_morph_delay200_a0__slot0_sp_fixed__slot1_tp_morph_delay200_a0__seed915.mp4
sp_fixed__vs__tp_morph_delay200_a0__leg1,sp_fixed__vs__tp_morph_delay200_a0,tp_morph_delay200_a0,sp_fixed,916,50,16,22,12,0.32,0.44,0.24,807.0078771436304,-33.21196750560634,840.2198446492367,292.24,
sp_fixed__vs__tp_morph_delay200_a1__leg0,sp_fixed__vs__tp_morph_delay200_a1,sp_fixed,tp_morph_delay200_a1,917,50,34,6,10,0.68,0.12,0.2,2158.3428794824895,-982.0716975836197,3140.414577066109,293.54,reports/league/formal_best10_full_ep50_allpairs_color_video_seed901/videos/sp_fixed__vs__tp_morph_delay200_a1__slot0_sp_fixed__slot1_tp_morph_delay200_a1__seed917.mp4
sp_fixed__vs__tp_morph_delay200_a1__leg1,sp_fixed__vs__tp_morph_delay200_a1,tp_morph_delay200_a1,sp_fixed,918,50,7,22,21,0.14,0.44,0.42,-253.29257738236902,545.9661520782244,-799.2587294605933,347.5,
tp_fixed_a0__vs__tp_fixed_a1__leg0,tp_fixed_a0__vs__tp_fixed_a1,tp_fixed_a0,tp_fixed_a1,919,50,42,5,3,0.84,0.1,0.06,2622.163176502584,-1302.5551906090068,3924.7183671115913,235.82,reports/league/formal_best10_full_ep50_allpairs_color_video_seed901/videos/tp_fixed_a0__vs__tp_fixed_a1__slot0_tp_fixed_a0__slot1_tp_fixed_a1__seed919.mp4
tp_fixed_a0__vs__tp_fixed_a1__leg1,tp_fixed_a0__vs__tp_fixed_a1,tp_fixed_a1,tp_fixed_a0,920,50,8,28,14,0.16,0.56,0.28,-433.78175852038976,679.1725830331765,-1112.9543415535663,309.28,
tp_fixed_a0__vs__sp_morph__leg0,tp_fixed_a0__vs__sp_morph,tp_fixed_a0,sp_morph,921,50,28,8,14,0.56,0.16,0.28,2132.7950497374045,-1032.8277474960457,3165.6227972334514,340.62,reports/league/formal_best10_full_ep50_allpairs_color_video_seed901/videos/tp_fixed_a0__vs__sp_morph__slot0_tp_fixed_a0__slot1_sp_morph__seed921.mp4
tp_fixed_a0__vs__sp_morph__leg1,tp_fixed_a0__vs__sp_morph,sp_morph,tp_fixed_a0,922,50,39,4,7,0.78,0.08,0.14,2914.812397613076,-1709.7530836013582,4624.565481214435,300.3,
tp_fixed_a0__vs__tp_morph_a0__leg0,tp_fixed_a0__vs__tp_morph_a0,tp_fixed_a0,tp_morph_a0,923,50,16,11,23,0.32,0.22,0.46,1544.797204884035,-831.6145159749904,2376.411720859025,371.68,reports/league/formal_best10_full_ep50_allpairs_color_video_seed901/videos/tp_fixed_a0__vs__tp_morph_a0__slot0_tp_fixed_a0__slot1_tp_morph_a0__seed923.mp4
tp_fixed_a0__vs__tp_morph_a0__leg1,tp_fixed_a0__vs__tp_morph_a0,tp_morph_a0,tp_fixed_a0,924,50,33,5,12,0.66,0.1,0.24,2776.4697899785574,-1549.2564454300925,4325.726235408651,281.16,
tp_fixed_a0__vs__tp_morph_a1__leg0,tp_fixed_a0__vs__tp_morph_a1,tp_fixed_a0,tp_morph_a1,925,50,10,22,18,0.2,0.44,0.36,165.49492849952446,859.3089919876985,-693.814063488174,315.88,reports/league/formal_best10_full_ep50_allpairs_color_video_seed901/videos/tp_fixed_a0__vs__tp_morph_a1__slot0_tp_fixed_a0__slot1_tp_morph_a1__seed925.mp4
tp_fixed_a0__vs__tp_morph_a1__leg1,tp_fixed_a0__vs__tp_morph_a1,tp_morph_a1,tp_fixed_a0,926,50,18,2,30,0.36,0.04,0.6,231.3174489738646,-970.0102067817566,1201.327655755621,380.08,
tp_fixed_a0__vs__tp_mixed_a0_morph__leg0,tp_fixed_a0__vs__tp_mixed_a0_morph,tp_fixed_a0,tp_mixed_a0_morph,927,50,13,15,22,0.26,0.3,0.44,1171.3153698424685,-678.9692010057114,1850.2845708481798,377.68,reports/league/formal_best10_full_ep50_allpairs_color_video_seed901/videos/tp_fixed_a0__vs__tp_mixed_a0_morph__slot0_tp_fixed_a0__slot1_tp_mixed_a0_morph__seed927.mp4
tp_fixed_a0__vs__tp_mixed_a0_morph__leg1,tp_fixed_a0__vs__tp_mixed_a0_morph,tp_mixed_a0_morph,tp_fixed_a0,928,50,38,3,9,0.76,0.06,0.18,2874.3517322673874,-1688.76773003083,4563.119462298218,276.12,
tp_fixed_a0__vs__tp_mixed_a1_fixed__leg0,tp_fixed_a0__vs__tp_mixed_a1_fixed,tp_fixed_a0,tp_mixed_a1_fixed,929,50,8,12,30,0.16,0.24,0.6,185.1214067350515,-289.1177334485146,474.2391401835663,405.38,reports/league/formal_best10_full_ep50_allpairs_color_video_seed901/videos/tp_fixed_a0__vs__tp_mixed_a1_fixed__slot0_tp_fixed_a0__slot1_tp_mixed_a1_fixed__seed929.mp4
tp_fixed_a0__vs__tp_mixed_a1_fixed__leg1,tp_fixed_a0__vs__tp_mixed_a1_fixed,tp_mixed_a1_fixed,tp_fixed_a0,930,50,18,5,27,0.36,0.1,0.54,571.3447776598581,-982.3976990264207,1553.742476686279,362.0,
tp_fixed_a0__vs__tp_morph_delay200_a0__leg0,tp_fixed_a0__vs__tp_morph_delay200_a0,tp_fixed_a0,tp_morph_delay200_a0,931,50,41,5,4,0.82,0.1,0.08,2943.7511659617553,-1510.0121061264435,4453.763272088199,230.08,reports/league/formal_best10_full_ep50_allpairs_color_video_seed901/videos/tp_fixed_a0__vs__tp_morph_delay200_a0__slot0_tp_fixed_a0__slot1_tp_morph_delay200_a0__seed931.mp4
tp_fixed_a0__vs__tp_morph_delay200_a0__leg1,tp_fixed_a0__vs__tp_morph_delay200_a0,tp_morph_delay200_a0,tp_fixed_a0,932,50,19,19,12,0.38,0.38,0.24,1048.875510689297,-275.7333530755596,1324.6088637648563,292.58,
tp_fixed_a0__vs__tp_morph_delay200_a1__leg0,tp_fixed_a0__vs__tp_morph_delay200_a1,tp_fixed_a0,tp_morph_delay200_a1,933,50,36,6,8,0.72,0.12,0.16,2232.9460800739716,-1091.2297995872543,3324.175879661226,268.74,reports/league/formal_best10_full_ep50_allpairs_color_video_seed901/videos/tp_fixed_a0__vs__tp_morph_delay200_a1__slot0_tp_fixed_a0__slot1_tp_morph_delay200_a1__seed933.mp4
tp_fixed_a0__vs__tp_morph_delay200_a1__leg1,tp_fixed_a0__vs__tp_morph_delay200_a1,tp_morph_delay200_a1,tp_fixed_a0,934,50,20,17,13,0.4,0.34,0.26,667.1365109124312,-156.58818814245328,823.7246990548844,301.68,
tp_fixed_a1__vs__sp_morph__leg0,tp_fixed_a1__vs__sp_morph,tp_fixed_a1,sp_morph,935,50,11,27,12,0.22,0.54,0.24,-80.0909561234525,1013.4324981950537,-1093.5234543185059,304.32,reports/league/formal_best10_full_ep50_allpairs_color_video_seed901/videos/tp_fixed_a1__vs__sp_morph__slot0_tp_fixed_a1__slot1_sp_morph__seed935.mp4
tp_fixed_a1__vs__sp_morph__leg1,tp_fixed_a1__vs__sp_morph,sp_morph,tp_fixed_a1,936,50,47,2,1,0.94,0.04,0.02,3036.2090936497766,-1564.0548466880396,4600.263940337816,232.96,
tp_fixed_a1__vs__tp_morph_a0__leg0,tp_fixed_a1__vs__tp_morph_a0,tp_fixed_a1,tp_morph_a0,937,50,7,28,15,0.14,0.56,0.3,-541.9656829945834,769.2847236648329,-1311.2504066594163,285.56,reports/league/formal_best10_full_ep50_allpairs_color_video_seed901/videos/tp_fixed_a1__vs__tp_morph_a0__slot0_tp_fixed_a1__slot1_tp_morph_a0__seed937.mp4
tp_fixed_a1__vs__tp_morph_a0__leg1,tp_fixed_a1__vs__tp_morph_a0,tp_morph_a0,tp_fixed_a1,938,50,49,1,0,0.98,0.02,0.0,3179.135919748435,-1835.875516522473,5015.011436270908,209.68,
tp_fixed_a1__vs__tp_morph_a1__leg0,tp_fixed_a1__vs__tp_morph_a1,tp_fixed_a1,tp_morph_a1,939,50,5,34,11,0.1,0.68,0.22,-1085.3915287716698,2037.1594078482944,-3122.550936619964,305.26,reports/league/formal_best10_full_ep50_allpairs_color_video_seed901/videos/tp_fixed_a1__vs__tp_morph_a1__slot0_tp_fixed_a1__slot1_tp_morph_a1__seed939.mp4
tp_fixed_a1__vs__tp_morph_a1__leg1,tp_fixed_a1__vs__tp_morph_a1,tp_morph_a1,tp_fixed_a1,940,50,40,3,7,0.8,0.06,0.14,1346.1182173008956,-738.2322180232626,2084.3504353241583,277.9,
tp_fixed_a1__vs__tp_mixed_a0_morph__leg0,tp_fixed_a1__vs__tp_mixed_a0_morph,tp_fixed_a1,tp_mixed_a0_morph,941,50,1,30,19,0.02,0.6,0.38,-1195.181699339418,971.5504040429353,-2166.732103382353,337.18,reports/league/formal_best10_full_ep50_allpairs_color_video_seed901/videos/tp_fixed_a1__vs__tp_mixed_a0_morph__slot0_tp_fixed_a1__slot1_tp_mixed_a0_morph__seed941.mp4
tp_fixed_a1__vs__tp_mixed_a0_morph__leg1,tp_fixed_a1__vs__tp_mixed_a0_morph,tp_mixed_a0_morph,tp_fixed_a1,942,50,43,4,3,0.86,0.08,0.06,2783.7159848307037,-1293.062564407288,4076.778549237992,248.16,
tp_fixed_a1__vs__tp_mixed_a1_fixed__leg0,tp_fixed_a1__vs__tp_mixed_a1_fixed,tp_fixed_a1,tp_mixed_a1_fixed,943,50,1,37,12,0.02,0.74,0.24,-1759.4215050182079,2535.2431681203416,-4294.66467313855,297.92,reports/league/formal_best10_full_ep50_allpairs_color_video_seed901/videos/tp_fixed_a1__vs__tp_mixed_a1_fixed__slot0_tp_fixed_a1__slot1_tp_mixed_a1_fixed__seed943.mp4
tp_fixed_a1__vs__tp_mixed_a1_fixed__leg1,tp_fixed_a1__vs__tp_mixed_a1_fixed,tp_mixed_a1_fixed,tp_fixed_a1,944,50,31,9,10,0.62,0.18,0.2,979.9125461980261,-207.13164740397355,1187.0441936019995,294.92,
tp_fixed_a1__vs__tp_morph_delay200_a0__leg0,tp_fixed_a1__vs__tp_morph_delay200_a0,tp_fixed_a1,tp_morph_delay200_a0,945,50,20,18,12,0.4,0.36,0.24,495.6219644203032,-47.44508548650395,543.0670499068073,287.92,reports/league/formal_best10_full_ep50_allpairs_color_video_seed901/videos/tp_fixed_a1__vs__tp_morph_delay200_a0__slot0_tp_fixed_a1__slot1_tp_morph_delay200_a0__seed945.mp4
tp_fixed_a1__vs__tp_morph_delay200_a0__leg1,tp_fixed_a1__vs__tp_morph_delay200_a0,tp_morph_delay200_a0,tp_fixed_a1,946,50,36,10,4,0.72,0.2,0.08,2082.9465794074354,-791.0096926366375,2873.956272044073,245.72,
tp_fixed_a1__vs__tp_morph_delay200_a1__leg0,tp_fixed_a1__vs__tp_morph_delay200_a1,tp_fixed_a1,tp_morph_delay200_a1,947,50,13,28,9,0.26,0.56,0.18,-331.20041696581035,1434.480157017598,-1765.6805739834087,307.02,reports/league/formal_best10_full_ep50_allpairs_color_video_seed901/videos/tp_fixed_a1__vs__tp_morph_delay200_a1__slot0_tp_fixed_a1__slot1_tp_morph_delay200_a1__seed947.mp4
tp_fixed_a1__vs__tp_morph_delay200_a1__leg1,tp_fixed_a1__vs__tp_morph_delay200_a1,tp_morph_delay200_a1,tp_fixed_a1,948,50,32,14,4,0.64,0.28,0.08,1083.650144138271,-27.880382920968938,1111.53052705924,224.52,
sp_morph__vs__tp_morph_a0__leg0,sp_morph__vs__tp_morph_a0,sp_morph,tp_morph_a0,949,50,20,9,21,0.4,0.18,0.42,1994.881963602092,-899.5520943198032,2894.434057921895,361.94,reports/league/formal_best10_full_ep50_allpairs_color_video_seed901/videos/sp_morph__vs__tp_morph_a0__slot0_sp_morph__slot1_tp_morph_a0__seed949.mp4
sp_morph__vs__tp_morph_a0__leg1,sp_morph__vs__tp_morph_a0,tp_morph_a0,sp_morph,950,50,34,7,9,0.68,0.14,0.18,2626.7830119285513,-1219.0869029817054,3845.8699149102567,304.84,
sp_morph__vs__tp_morph_a1__leg0,sp_morph__vs__tp_morph_a1,sp_morph,tp_morph_a1,951,50,16,9,25,0.32,0.18,0.5,860.3137666333141,-197.56958591428494,1057.8833525475989,390.94,reports/league/formal_best10_full_ep50_allpairs_color_video_seed901/videos/sp_morph__vs__tp_morph_a1__slot0_sp_morph__slot1_tp_morph_a1__seed951.mp4
sp_morph__vs__tp_morph_a1__leg1,sp_morph__vs__tp_morph_a1,tp_morph_a1,sp_morph,952,50,15,7,28,0.3,0.14,0.56,-97.65127257545177,-346.86775903314526,249.21648645769355,390.9,
sp_morph__vs__tp_mixed_a0_morph__leg0,sp_morph__vs__tp_mixed_a0_morph,sp_morph,tp_mixed_a0_morph,953,50,25,4,21,0.5,0.08,0.42,2543.9823948382664,-1487.7087703285686,4031.6911651668347,362.94,reports/league/formal_best10_full_ep50_allpairs_color_video_seed901/videos/sp_morph__vs__tp_mixed_a0_morph__slot0_sp_morph__slot1_tp_mixed_a0_morph__seed953.mp4
sp_morph__vs__tp_mixed_a0_morph__leg1,sp_morph__vs__tp_mixed_a0_morph,tp_mixed_a0_morph,sp_morph,954,50,28,5,17,0.56,0.1,0.34,2222.9849358514093,-1304.7295929299405,3527.7145287813496,330.76,
sp_morph__vs__tp_mixed_a1_fixed__leg0,sp_morph__vs__tp_mixed_a1_fixed,sp_morph,tp_mixed_a1_fixed,955,50,22,4,24,0.44,0.08,0.48,1841.4083946054616,-937.2080709754774,2778.6164655809393,413.54,reports/league/formal_best10_full_ep50_allpairs_color_video_seed901/videos/sp_morph__vs__tp_mixed_a1_fixed__slot0_sp_morph__slot1_tp_mixed_a1_fixed__seed955.mp4
sp_morph__vs__tp_mixed_a1_fixed__leg1,sp_morph__vs__tp_mixed_a1_fixed,tp_mixed_a1_fixed,sp_morph,956,50,15,7,28,0.3,0.14,0.56,382.1304837349232,-456.4399184955957,838.5704022305188,375.88,
sp_morph__vs__tp_morph_delay200_a0__leg0,sp_morph__vs__tp_morph_delay200_a0,sp_morph,tp_morph_delay200_a0,957,50,42,3,5,0.84,0.06,0.1,3096.1567943431683,-1774.5586656948335,4870.715460038003,221.72,reports/league/formal_best10_full_ep50_allpairs_color_video_seed901/videos/sp_morph__vs__tp_morph_delay200_a0__slot0_sp_morph__slot1_tp_morph_delay200_a0__seed957.mp4
sp_morph__vs__tp_morph_delay200_a0__leg1,sp_morph__vs__tp_morph_delay200_a0,tp_morph_delay200_a0,sp_morph,958,50,22,19,9,0.44,0.38,0.18,1698.8155227393765,-281.5132812870727,1980.3288040264492,311.92,
sp_morph__vs__tp_morph_delay200_a1__leg0,sp_morph__vs__tp_morph_delay200_a1,sp_morph,tp_morph_delay200_a1,959,50,36,6,8,0.72,0.12,0.16,2650.2114659292774,-1070.8573451892714,3721.068811118549,307.08,reports/league/formal_best10_full_ep50_allpairs_color_video_seed901/videos/sp_morph__vs__tp_morph_delay200_a1__slot0_sp_morph__slot1_tp_morph_delay200_a1__seed959.mp4
sp_morph__vs__tp_morph_delay200_a1__leg1,sp_morph__vs__tp_morph_delay200_a1,tp_morph_delay200_a1,sp_morph,960,50,14,20,16,0.28,0.4,0.32,118.30098949858053,313.6266395608877,-195.325650062307,330.24,
tp_morph_a0__vs__tp_morph_a1__leg0,tp_morph_a0__vs__tp_morph_a1,tp_morph_a0,tp_morph_a1,961,50,12,11,27,0.24,0.22,0.54,1068.740322395135,-295.775753975726,1364.5160763708614,391.18,reports/league/formal_best10_full_ep50_allpairs_color_video_seed901/videos/tp_morph_a0__vs__tp_morph_a1__slot0_tp_morph_a0__slot1_tp_morph_a1__seed961.mp4
tp_morph_a0__vs__tp_morph_a1__leg1,tp_morph_a0__vs__tp_morph_a1,tp_morph_a1,tp_morph_a0,962,50,8,6,36,0.16,0.12,0.72,-550.6040916440069,-495.0940500627476,-55.51004158125929,435.04,
tp_morph_a0__vs__tp_mixed_a0_morph__leg0,tp_morph_a0__vs__tp_mixed_a0_morph,tp_morph_a0,tp_mixed_a0_morph,963,50,24,4,22,0.48,0.08,0.44,2531.762505363426,-1539.8596200166617,4071.622125380088,377.74,reports/league/formal_best10_full_ep50_allpairs_color_video_seed901/videos/tp_morph_a0__vs__tp_mixed_a0_morph__slot0_tp_morph_a0__slot1_tp_mixed_a0_morph__seed963.mp4
tp_morph_a0__vs__tp_mixed_a0_morph__leg1,tp_morph_a0__vs__tp_mixed_a0_morph,tp_mixed_a0_morph,tp_morph_a0,964,50,28,2,20,0.56,0.04,0.4,2486.395120190005,-1442.3786357786064,3928.773755968611,357.08,
tp_morph_a0__vs__tp_mixed_a1_fixed__leg0,tp_morph_a0__vs__tp_mixed_a1_fixed,tp_morph_a0,tp_mixed_a1_fixed,965,50,19,5,26,0.38,0.1,0.52,1431.4866553467568,-991.0945335738666,2422.581188920623,384.44,reports/league/formal_best10_full_ep50_allpairs_color_video_seed901/videos/tp_morph_a0__vs__tp_mixed_a1_fixed__slot0_tp_morph_a0__slot1_tp_mixed_a1_fixed__seed965.mp4
tp_morph_a0__vs__tp_mixed_a1_fixed__leg1,tp_morph_a0__vs__tp_mixed_a1_fixed,tp_mixed_a1_fixed,tp_morph_a0,966,50,7,12,31,0.14,0.24,0.62,-446.98676937240015,-250.95396087845594,-196.03280849394406,412.98,
tp_morph_a0__vs__tp_morph_delay200_a0__leg0,tp_morph_a0__vs__tp_morph_delay200_a0,tp_morph_a0,tp_morph_delay200_a0,967,50,36,7,7,0.72,0.14,0.14,2474.8824087381713,-1364.110710494008,3838.993119232179,248.3,reports/league/formal_best10_full_ep50_allpairs_color_video_seed901/videos/tp_morph_a0__vs__tp_morph_delay200_a0__slot0_tp_morph_a0__slot1_tp_morph_delay200_a0__seed967.mp4
tp_morph_a0__vs__tp_morph_delay200_a0__leg1,tp_morph_a0__vs__tp_morph_delay200_a0,tp_morph_delay200_a0,tp_morph_a0,968,50,12,22,16,0.24,0.44,0.32,717.3766204016484,67.62931353803924,649.7473068636091,318.88,
tp_morph_a0__vs__tp_morph_delay200_a1__leg0,tp_morph_a0__vs__tp_morph_delay200_a1,tp_morph_a0,tp_morph_delay200_a1,969,50,33,6,11,0.66,0.12,0.22,2298.8108290071928,-1006.6112259798153,3305.422054987008,297.52,reports/league/formal_best10_full_ep50_allpairs_color_video_seed901/videos/tp_morph_a0__vs__tp_morph_delay200_a1__slot0_tp_morph_a0__slot1_tp_morph_delay200_a1__seed969.mp4
tp_morph_a0__vs__tp_morph_delay200_a1__leg1,tp_morph_a0__vs__tp_morph_delay200_a1,tp_morph_delay200_a1,tp_morph_a0,970,50,9,16,25,0.18,0.32,0.5,-143.97495418667867,215.8195470895338,-359.79450127621254,365.28,
tp_morph_a1__vs__tp_mixed_a0_morph__leg0,tp_morph_a1__vs__tp_mixed_a0_morph,tp_morph_a1,tp_mixed_a0_morph,971,50,10,2,38,0.2,0.04,0.76,-463.72712830910757,-1102.639832997789,638.9127046886814,428.1,reports/league/formal_best10_full_ep50_allpairs_color_video_seed901/videos/tp_morph_a1__vs__tp_mixed_a0_morph__slot0_tp_morph_a1__slot1_tp_mixed_a0_morph__seed971.mp4
tp_morph_a1__vs__tp_mixed_a0_morph__leg1,tp_morph_a1__vs__tp_mixed_a0_morph,tp_mixed_a0_morph,tp_morph_a1,972,50,15,10,25,0.3,0.2,0.5,1036.6624498657666,-133.22529273602055,1169.8877426017875,380.78,
tp_morph_a1__vs__tp_mixed_a1_fixed__leg0,tp_morph_a1__vs__tp_mixed_a1_fixed,tp_morph_a1,tp_mixed_a1_fixed,973,50,9,9,32,0.18,0.18,0.64,-1503.9873653638736,681.9110080745512,-2185.898373438425,406.34,reports/league/formal_best10_full_ep50_allpairs_color_video_seed901/videos/tp_morph_a1__vs__tp_mixed_a1_fixed__slot0_tp_morph_a1__slot1_tp_mixed_a1_fixed__seed973.mp4
tp_morph_a1__vs__tp_mixed_a1_fixed__leg1,tp_morph_a1__vs__tp_mixed_a1_fixed,tp_mixed_a1_fixed,tp_morph_a1,974,50,4,17,29,0.08,0.34,0.58,-1187.5570740101236,1510.8606770756596,-2698.417751085783,406.64,
tp_morph_a1__vs__tp_morph_delay200_a0__leg0,tp_morph_a1__vs__tp_morph_delay200_a0,tp_morph_a1,tp_morph_delay200_a0,975,50,23,4,23,0.46,0.08,0.46,574.3624936421169,-797.4292873874178,1371.7917810295348,352.56,reports/league/formal_best10_full_ep50_allpairs_color_video_seed901/videos/tp_morph_a1__vs__tp_morph_delay200_a0__slot0_tp_morph_a1__slot1_tp_morph_delay200_a0__seed975.mp4
tp_morph_a1__vs__tp_morph_delay200_a0__leg1,tp_morph_a1__vs__tp_morph_delay200_a0,tp_morph_delay200_a0,tp_morph_a1,976,50,3,32,15,0.06,0.64,0.3,-701.0819375964057,1765.7124704166272,-2466.7944080130333,330.92,
tp_morph_a1__vs__tp_morph_delay200_a1__leg0,tp_morph_a1__vs__tp_morph_delay200_a1,tp_morph_a1,tp_morph_delay200_a1,977,50,18,10,22,0.36,0.2,0.44,-113.77431551297609,445.50869789158475,-559.2830134045607,349.86,reports/league/formal_best10_full_ep50_allpairs_color_video_seed901/videos/tp_morph_a1__vs__tp_morph_delay200_a1__slot0_tp_morph_a1__slot1_tp_morph_delay200_a1__seed977.mp4
tp_morph_a1__vs__tp_morph_delay200_a1__leg1,tp_morph_a1__vs__tp_morph_delay200_a1,tp_morph_delay200_a1,tp_morph_a1,978,50,5,34,11,0.1,0.68,0.22,-1098.2183268262004,1875.6066709846875,-2973.824997810888,306.24,
tp_mixed_a0_morph__vs__tp_mixed_a1_fixed__leg0,tp_mixed_a0_morph__vs__tp_mixed_a1_fixed,tp_mixed_a0_morph,tp_mixed_a1_fixed,979,50,19,4,27,0.38,0.08,0.54,1462.771972374455,-1081.1676694371977,2543.9396418116526,391.78,reports/league/formal_best10_full_ep50_allpairs_color_video_seed901/videos/tp_mixed_a0_morph__vs__tp_mixed_a1_fixed__slot0_tp_mixed_a0_morph__slot1_tp_mixed_a1_fixed__seed979.mp4
tp_mixed_a0_morph__vs__tp_mixed_a1_fixed__leg1,tp_mixed_a0_morph__vs__tp_mixed_a1_fixed,tp_mixed_a1_fixed,tp_mixed_a0_morph,980,50,5,10,35,0.1,0.2,0.7,-390.7067966160385,-586.1404056809321,195.43360906489357,409.78,
tp_mixed_a0_morph__vs__tp_morph_delay200_a0__leg0,tp_mixed_a0_morph__vs__tp_morph_delay200_a0,tp_mixed_a0_morph,tp_morph_delay200_a0,981,50,41,4,5,0.82,0.08,0.1,2750.6981713262912,-1646.1763855683635,4396.874556894654,227.78,reports/league/formal_best10_full_ep50_allpairs_color_video_seed901/videos/tp_mixed_a0_morph__vs__tp_morph_delay200_a0__slot0_tp_mixed_a0_morph__slot1_tp_morph_delay200_a0__seed981.mp4
tp_mixed_a0_morph__vs__tp_morph_delay200_a0__leg1,tp_mixed_a0_morph__vs__tp_morph_delay200_a0,tp_morph_delay200_a0,tp_mixed_a0_morph,982,50,8,19,23,0.16,0.38,0.46,535.2413617850615,-5.162603158197325,540.4039649432589,375.98,
tp_mixed_a0_morph__vs__tp_morph_delay200_a1__leg0,tp_mixed_a0_morph__vs__tp_morph_delay200_a1,tp_mixed_a0_morph,tp_morph_delay200_a1,983,50,33,2,15,0.66,0.04,0.3,2226.5255350914067,-1082.489726760838,3309.0152618522447,334.08,reports/league/formal_best10_full_ep50_allpairs_color_video_seed901/videos/tp_mixed_a0_morph__vs__tp_morph_delay200_a1__slot0_tp_mixed_a0_morph__slot1_tp_morph_delay200_a1__seed983.mp4
tp_mixed_a0_morph__vs__tp_morph_delay200_a1__leg1,tp_mixed_a0_morph__vs__tp_morph_delay200_a1,tp_morph_delay200_a1,tp_mixed_a0_morph,984,50,4,24,22,0.08,0.48,0.44,-801.7000238553733,702.3253165242055,-1504.0253403795787,349.22,
tp_mixed_a1_fixed__vs__tp_morph_delay200_a0__leg0,tp_mixed_a1_fixed__vs__tp_morph_delay200_a0,tp_mixed_a1_fixed,tp_morph_delay200_a0,985,50,29,3,18,0.58,0.06,0.36,1279.0383492140118,-1251.1331215736382,2530.17147078765,305.04,reports/league/formal_best10_full_ep50_allpairs_color_video_seed901/videos/tp_mixed_a1_fixed__vs__tp_morph_delay200_a0__slot0_tp_mixed_a1_fixed__slot1_tp_morph_delay200_a0__seed985.mp4
tp_mixed_a1_fixed__vs__tp_morph_delay200_a0__leg1,tp_mixed_a1_fixed__vs__tp_morph_delay200_a0,tp_morph_delay200_a0,tp_mixed_a1_fixed,986,50,7,22,21,0.14,0.44,0.42,-351.3267474759443,727.9250324831903,-1079.2517799591346,393.58,
tp_mixed_a1_fixed__vs__tp_morph_delay200_a1__leg0,tp_mixed_a1_fixed__vs__tp_morph_delay200_a1,tp_mixed_a1_fixed,tp_morph_delay200_a1,987,50,21,11,18,0.42,0.22,0.36,127.3835929106963,600.426163959908,-473.04257104921174,360.14,reports/league/formal_best10_full_ep50_allpairs_color_video_seed901/videos/tp_mixed_a1_fixed__vs__tp_morph_delay200_a1__slot0_tp_mixed_a1_fixed__slot1_tp_morph_delay200_a1__seed987.mp4
tp_mixed_a1_fixed__vs__tp_morph_delay200_a1__leg1,tp_mixed_a1_fixed__vs__tp_morph_delay200_a1,tp_morph_delay200_a1,tp_mixed_a1_fixed,988,50,3,34,13,0.06,0.68,0.26,-1488.858730991312,2070.0061485461038,-3558.8648795374156,345.18,
tp_morph_delay200_a0__vs__tp_morph_delay200_a1__leg0,tp_morph_delay200_a0__vs__tp_morph_delay200_a1,tp_morph_delay200_a0,tp_morph_delay200_a1,989,50,23,16,11,0.46,0.32,0.22,1361.5809231698724,-136.51447231228255,1498.0953954821553,290.94,reports/league/formal_best10_full_ep50_allpairs_color_video_seed901/videos/tp_morph_delay200_a0__vs__tp_morph_delay200_a1__slot0_tp_morph_delay200_a0__slot1_tp_morph_delay200_a1__seed989.mp4
tp_morph_delay200_a0__vs__tp_morph_delay200_a1__leg1,tp_morph_delay200_a0__vs__tp_morph_delay200_a1,tp_morph_delay200_a1,tp_morph_delay200_a0,990,50,22,13,15,0.44,0.26,0.3,649.5689103503908,-293.78351036778645,943.3524207181772,289.44,
