pair_id,agent_a_id,agent_b_id,episodes,agent_a_wins,agent_b_wins,draws,agent_a_losses,agent_b_losses,agent_a_points,agent_b_points,agent_a_win_rate,agent_b_win_rate,draw_rate,agent_a_avg_reward,agent_b_avg_reward,agent_a_avg_reward_margin,avg_episode_length,fixture_ids,video_paths
sp_fixed__vs__sp_morph,sp_fixed,sp_morph,100,30,46,24,46,30,144.0,208.0,0.3,0.46,0.24,242.87948223888014,865.1546119635315,-622.2751297246514,295.9,sp_fixed__vs__sp_morph__leg0|sp_fixed__vs__sp_morph__leg1,reports/league/formal_best10_full_ep50_allpairs_color_video_seed901/videos/sp_fixed__vs__sp_morph__slot0_sp_fixed__slot1_sp_morph__seed905.mp4
sp_fixed__vs__tp_fixed_a0,sp_fixed,tp_fixed_a0,100,38,35,27,35,38,179.0,167.0,0.38,0.35,0.27,512.4754400997276,499.7186824416926,12.756757658034886,324.23,sp_fixed__vs__tp_fixed_a0__leg0|sp_fixed__vs__tp_fixed_a0__leg1,reports/league/formal_best10_full_ep50_allpairs_color_video_seed901/videos/sp_fixed__vs__tp_fixed_a0__slot0_sp_fixed__slot1_tp_fixed_a0__seed901.mp4
sp_fixed__vs__tp_fixed_a1,sp_fixed,tp_fixed_a1,100,65,12,23,12,65,283.0,71.0,0.65,0.12,0.23,1608.9281989966337,-693.1440184823957,2302.0722174790294,315.58,sp_fixed__vs__tp_fixed_a1__leg0|sp_fixed__vs__tp_fixed_a1__leg1,reports/league/formal_best10_full_ep50_allpairs_color_video_seed901/videos/sp_fixed__vs__tp_fixed_a1__slot0_sp_fixed__slot1_tp_fixed_a1__seed903.mp4
sp_fixed__vs__tp_mixed_a0_morph,sp_fixed,tp_mixed_a0_morph,100,12,42,46,42,12,94.0,214.0,0.12,0.42,0.46,-133.13281454383133,870.8068490936856,-1003.9396636375169,359.86,sp_fixed__vs__tp_mixed_a0_morph__leg0|sp_fixed__vs__tp_mixed_a0_morph__leg1,reports/league/formal_best10_full_ep50_allpairs_color_video_seed901/videos/sp_fixed__vs__tp_mixed_a0_morph__slot0_sp_fixed__slot1_tp_mixed_a0_morph__seed911.mp4
sp_fixed__vs__tp_mixed_a1_fixed,sp_fixed,tp_mixed_a1_fixed,100,16,13,71,13,16,135.0,123.0,0.16,0.13,0.71,-102.43867006339404,-296.67126890609075,194.2325988426967,439.78,sp_fixed__vs__tp_mixed_a1_fixed__leg0|sp_fixed__vs__tp_mixed_a1_fixed__leg1,reports/league/formal_best10_full_ep50_allpairs_color_video_seed901/videos/sp_fixed__vs__tp_mixed_a1_fixed__slot0_sp_fixed__slot1_tp_mixed_a1_fixed__seed913.mp4
sp_fixed__vs__tp_morph_a0,sp_fixed,tp_morph_a0,100,26,42,32,42,26,136.0,200.0,0.26,0.42,0.32,177.03558602173686,953.805531112088,-776.7699450903509,333.99,sp_fixed__vs__tp_morph_a0__leg0|sp_fixed__vs__tp_morph_a0__leg1,reports/league/formal_best10_full_ep50_allpairs_color_video_seed901/videos/sp_fixed__vs__tp_morph_a0__slot0_sp_fixed__slot1_tp_morph_a0__seed907.mp4
sp_fixed__vs__tp_morph_a1,sp_fixed,tp_morph_a1,100,16,22,62,22,16,126.0,150.0,0.16,0.22,0.62,-206.9354814638844,-273.3417111774146,66.40622971353002,402.27,sp_fixed__vs__tp_morph_a1__leg0|sp_fixed__vs__tp_morph_a1__leg1,reports/league/formal_best10_full_ep50_allpairs_color_video_seed901/videos/sp_fixed__vs__tp_morph_a1__slot0_sp_fixed__slot1_tp_morph_a1__seed909.mp4
sp_fixed__vs__tp_morph_delay200_a0,sp_fixed,tp_morph_delay200_a0,100,52,23,25,23,52,233.0,117.0,0.52,0.23,0.25,1131.9074741348775,-105.98110021371171,1237.888574348589,293.55,sp_fixed__vs__tp_morph_delay200_a0__leg0|sp_fixed__vs__tp_morph_delay200_a0__leg1,reports/league/formal_best10_full_ep50_allpairs_color_video_seed901/videos/sp_fixed__vs__tp_morph_delay200_a0__slot0_sp_fixed__slot1_tp_morph_delay200_a0__seed915.mp4
sp_fixed__vs__tp_morph_delay200_a1,sp_fixed,tp_morph_delay200_a1,100,56,13,31,13,56,255.0,83.0,0.56,0.13,0.31,1352.1545157803569,-617.6821374829942,1969.8366532633515,320.52,sp_fixed__vs__tp_morph_delay200_a1__leg0|sp_fixed__vs__tp_morph_delay200_a1__leg1,reports/league/formal_best10_full_ep50_allpairs_color_video_seed901/videos/sp_fixed__vs__tp_morph_delay200_a1__slot0_sp_fixed__slot1_tp_morph_delay200_a1__seed917.mp4
sp_morph__vs__tp_mixed_a0_morph,sp_morph,tp_mixed_a0_morph,100,30,32,38,32,30,158.0,166.0,0.3,0.32,0.38,619.6264009541627,367.6380827614203,251.98831819274258,346.85,sp_morph__vs__tp_mixed_a0_morph__leg0|sp_morph__vs__tp_mixed_a0_morph__leg1,reports/league/formal_best10_full_ep50_allpairs_color_video_seed901/videos/sp_morph__vs__tp_mixed_a0_morph__slot0_sp_morph__slot1_tp_mixed_a0_morph__seed953.mp4
sp_morph__vs__tp_mixed_a1_fixed,sp_morph,tp_mixed_a1_fixed,100,29,19,52,19,29,168.0,128.0,0.29,0.19,0.52,692.484238054933,-277.5387936202772,970.02303167521,394.71,sp_morph__vs__tp_mixed_a1_fixed__leg0|sp_morph__vs__tp_mixed_a1_fixed__leg1,reports/league/formal_best10_full_ep50_allpairs_color_video_seed901/videos/sp_morph__vs__tp_mixed_a1_fixed__slot0_sp_morph__slot1_tp_mixed_a1_fixed__seed955.mp4
sp_morph__vs__tp_morph_a0,sp_morph,tp_morph_a0,100,27,43,30,43,27,138.0,202.0,0.27,0.43,0.3,387.8975303101932,863.6154588043738,-475.7179284941807,333.39,sp_morph__vs__tp_morph_a0__leg0|sp_morph__vs__tp_morph_a0__leg1,reports/league/formal_best10_full_ep50_allpairs_color_video_seed901/videos/sp_morph__vs__tp_morph_a0__slot0_sp_morph__slot1_tp_morph_a0__seed949.mp4
sp_morph__vs__tp_morph_a1,sp_morph,tp_morph_a1,100,23,24,53,24,23,145.0,149.0,0.23,0.24,0.53,256.7230038000843,-147.61042924486839,404.33343304495276,390.92,sp_morph__vs__tp_morph_a1__leg0|sp_morph__vs__tp_morph_a1__leg1,reports/league/formal_best10_full_ep50_allpairs_color_video_seed901/videos/sp_morph__vs__tp_morph_a1__slot0_sp_morph__slot1_tp_morph_a1__seed951.mp4
sp_morph__vs__tp_morph_delay200_a0,sp_morph,tp_morph_delay200_a0,100,61,25,14,25,61,258.0,114.0,0.61,0.25,0.14,1407.3217565280481,-37.87157147772852,1445.193328005777,266.82,sp_morph__vs__tp_morph_delay200_a0__leg0|sp_morph__vs__tp_morph_delay200_a0__leg1,reports/league/formal_best10_full_ep50_allpairs_color_video_seed901/videos/sp_morph__vs__tp_morph_delay200_a0__slot0_sp_morph__slot1_tp_morph_delay200_a0__seed957.mp4
sp_morph__vs__tp_morph_delay200_a1,sp_morph,tp_morph_delay200_a1,100,56,20,24,20,56,248.0,104.0,0.56,0.2,0.24,1481.9190527450826,-476.2781778453455,1958.197230590428,318.66,sp_morph__vs__tp_morph_delay200_a1__leg0|sp_morph__vs__tp_morph_delay200_a1__leg1,reports/league/formal_best10_full_ep50_allpairs_color_video_seed901/videos/sp_morph__vs__tp_morph_delay200_a1__slot0_sp_morph__slot1_tp_morph_delay200_a1__seed959.mp4
tp_fixed_a0__vs__sp_morph,tp_fixed_a0,sp_morph,100,32,47,21,47,32,149.0,209.0,0.32,0.47,0.21,211.5209830680231,940.9923250585155,-729.4713419904922,320.46,tp_fixed_a0__vs__sp_morph__leg0|tp_fixed_a0__vs__sp_morph__leg1,reports/league/formal_best10_full_ep50_allpairs_color_video_seed901/videos/tp_fixed_a0__vs__sp_morph__slot0_tp_fixed_a0__slot1_sp_morph__seed921.mp4
tp_fixed_a0__vs__tp_fixed_a1,tp_fixed_a0,tp_fixed_a1,100,70,13,17,13,70,297.0,69.0,0.7,0.13,0.17,1650.667879767881,-868.1684745646982,2518.8363543325786,272.55,tp_fixed_a0__vs__tp_fixed_a1__leg0|tp_fixed_a0__vs__tp_fixed_a1__leg1,reports/league/formal_best10_full_ep50_allpairs_color_video_seed901/videos/tp_fixed_a0__vs__tp_fixed_a1__slot0_tp_fixed_a0__slot1_tp_fixed_a1__seed919.mp4
tp_fixed_a0__vs__tp_mixed_a0_morph,tp_fixed_a0,tp_mixed_a0_morph,100,16,53,31,53,16,95.0,243.0,0.16,0.53,0.31,-258.7261800941809,1097.691265630838,-1356.4174457250192,326.9,tp_fixed_a0__vs__tp_mixed_a0_morph__leg0|tp_fixed_a0__vs__tp_mixed_a0_morph__leg1,reports/league/formal_best10_full_ep50_allpairs_color_video_seed901/videos/tp_fixed_a0__vs__tp_mixed_a0_morph__slot0_tp_fixed_a0__slot1_tp_mixed_a0_morph__seed927.mp4
tp_fixed_a0__vs__tp_mixed_a1_fixed,tp_fixed_a0,tp_mixed_a1_fixed,100,13,30,57,30,13,109.0,177.0,0.13,0.3,0.57,-398.6381461456845,141.1135221056717,-539.7516682513564,383.69,tp_fixed_a0__vs__tp_mixed_a1_fixed__leg0|tp_fixed_a0__vs__tp_mixed_a1_fixed__leg1,reports/league/formal_best10_full_ep50_allpairs_color_video_seed901/videos/tp_fixed_a0__vs__tp_mixed_a1_fixed__slot0_tp_fixed_a0__slot1_tp_mixed_a1_fixed__seed929.mp4
tp_fixed_a0__vs__tp_morph_a0,tp_fixed_a0,tp_morph_a0,100,21,44,35,44,21,119.0,211.0,0.21,0.44,0.35,-2.2296202730288632,972.4276370017836,-974.6572572748124,326.42,tp_fixed_a0__vs__tp_morph_a0__leg0|tp_fixed_a0__vs__tp_morph_a0__leg1,reports/league/formal_best10_full_ep50_allpairs_color_video_seed901/videos/tp_fixed_a0__vs__tp_morph_a0__slot0_tp_fixed_a0__slot1_tp_morph_a0__seed923.mp4
tp_fixed_a0__vs__tp_morph_a1,tp_fixed_a0,tp_morph_a1,100,12,40,48,40,12,96.0,208.0,0.12,0.4,0.48,-402.257639141116,545.3132204807816,-947.5708596218974,347.98,tp_fixed_a0__vs__tp_morph_a1__leg0|tp_fixed_a0__vs__tp_morph_a1__leg1,reports/league/formal_best10_full_ep50_allpairs_color_video_seed901/videos/tp_fixed_a0__vs__tp_morph_a1__slot0_tp_fixed_a0__slot1_tp_morph_a1__seed925.mp4
tp_fixed_a0__vs__tp_morph_delay200_a0,tp_fixed_a0,tp_morph_delay200_a0,100,60,24,16,24,60,256.0,112.0,0.6,0.24,0.16,1334.008906443098,-230.5682977185733,1564.5772041616717,261.33,tp_fixed_a0__vs__tp_morph_delay200_a0__leg0|tp_fixed_a0__vs__tp_morph_delay200_a0__leg1,reports/league/formal_best10_full_ep50_allpairs_color_video_seed901/videos/tp_fixed_a0__vs__tp_morph_delay200_a0__slot0_tp_fixed_a0__slot1_tp_morph_delay200_a0__seed931.mp4
tp_fixed_a0__vs__tp_morph_delay200_a1,tp_fixed_a0,tp_morph_delay200_a1,100,53,26,21,26,53,233.0,125.0,0.53,0.26,0.21,1038.178945965759,-212.04664433741164,1250.225590303171,285.21,tp_fixed_a0__vs__tp_morph_delay200_a1__leg0|tp_fixed_a0__vs__tp_morph_delay200_a1__leg1,reports/league/formal_best10_full_ep50_allpairs_color_video_seed901/videos/tp_fixed_a0__vs__tp_morph_delay200_a1__slot0_tp_fixed_a0__slot1_tp_morph_delay200_a1__seed933.mp4
tp_fixed_a1__vs__sp_morph,tp_fixed_a1,sp_morph,100,13,74,13,74,13,65.0,309.0,0.13,0.74,0.13,-822.072901405746,2024.8207959224153,-2846.8936973281607,268.64,tp_fixed_a1__vs__sp_morph__leg0|tp_fixed_a1__vs__sp_morph__leg1,reports/league/formal_best10_full_ep50_allpairs_color_video_seed901/videos/tp_fixed_a1__vs__sp_morph__slot0_tp_fixed_a1__slot1_sp_morph__seed935.mp4
tp_fixed_a1__vs__tp_mixed_a0_morph,tp_fixed_a1,tp_mixed_a0_morph,100,5,73,22,73,5,42.0,314.0,0.05,0.73,0.22,-1244.1221318733528,1877.6331944368198,-3121.755326310172,292.67,tp_fixed_a1__vs__tp_mixed_a0_morph__leg0|tp_fixed_a1__vs__tp_mixed_a0_morph__leg1,reports/league/formal_best10_full_ep50_allpairs_color_video_seed901/videos/tp_fixed_a1__vs__tp_mixed_a0_morph__slot0_tp_fixed_a1__slot1_tp_mixed_a0_morph__seed941.mp4
tp_fixed_a1__vs__tp_mixed_a1_fixed,tp_fixed_a1,tp_mixed_a1_fixed,100,10,68,22,68,10,62.0,294.0,0.1,0.68,0.22,-983.2765762110907,1757.5778571591834,-2740.8544333702744,296.42,tp_fixed_a1__vs__tp_mixed_a1_fixed__leg0|tp_fixed_a1__vs__tp_mixed_a1_fixed__leg1,reports/league/formal_best10_full_ep50_allpairs_color_video_seed901/videos/tp_fixed_a1__vs__tp_mixed_a1_fixed__slot0_tp_fixed_a1__slot1_tp_mixed_a1_fixed__seed943.mp4
tp_fixed_a1__vs__tp_morph_a0,tp_fixed_a1,tp_morph_a0,100,8,77,15,77,8,47.0,323.0,0.08,0.77,0.15,-1188.9205997585282,1974.2103217066337,-3163.1309214651624,247.62,tp_fixed_a1__vs__tp_morph_a0__leg0|tp_fixed_a1__vs__tp_morph_a0__leg1,reports/league/formal_best10_full_ep50_allpairs_color_video_seed901/videos/tp_fixed_a1__vs__tp_morph_a0__slot0_tp_fixed_a1__slot1_tp_morph_a0__seed937.mp4
tp_fixed_a1__vs__tp_morph_a1,tp_fixed_a1,tp_morph_a1,100,8,74,18,74,8,50.0,314.0,0.08,0.74,0.18,-911.8118733974661,1691.6388125745952,-2603.4506859720614,291.58,tp_fixed_a1__vs__tp_morph_a1__leg0|tp_fixed_a1__vs__tp_morph_a1__leg1,reports/league/formal_best10_full_ep50_allpairs_color_video_seed901/videos/tp_fixed_a1__vs__tp_morph_a1__slot0_tp_fixed_a1__slot1_tp_morph_a1__seed939.mp4
tp_fixed_a1__vs__tp_morph_delay200_a0,tp_fixed_a1,tp_morph_delay200_a0,100,30,54,16,54,30,136.0,232.0,0.3,0.54,0.16,-147.6938641081672,1017.7507469604657,-1165.4446110686329,266.82,tp_fixed_a1__vs__tp_morph_delay200_a0__leg0|tp_fixed_a1__vs__tp_morph_delay200_a0__leg1,reports/league/formal_best10_full_ep50_allpairs_color_video_seed901/videos/tp_fixed_a1__vs__tp_morph_delay200_a0__slot0_tp_fixed_a1__slot1_tp_morph_delay200_a0__seed945.mp4
tp_fixed_a1__vs__tp_morph_delay200_a1,tp_fixed_a1,tp_morph_delay200_a1,100,27,60,13,60,27,121.0,253.0,0.27,0.6,0.13,-179.54039994338964,1259.0651505779344,-1438.6055505213237,265.77,tp_fixed_a1__vs__tp_morph_delay200_a1__leg0|tp_fixed_a1__vs__tp_morph_delay200_a1__leg1,reports/league/formal_best10_full_ep50_allpairs_color_video_seed901/videos/tp_fixed_a1__vs__tp_morph_delay200_a1__slot0_tp_fixed_a1__slot1_tp_morph_delay200_a1__seed947.mp4
tp_mixed_a0_morph__vs__tp_mixed_a1_fixed,tp_mixed_a0_morph,tp_mixed_a1_fixed,100,29,9,62,9,29,178.0,98.0,0.29,0.09,0.62,438.3157833467614,-735.9372330266181,1174.2530163733795,400.78,tp_mixed_a0_morph__vs__tp_mixed_a1_fixed__leg0|tp_mixed_a0_morph__vs__tp_mixed_a1_fixed__leg1,reports/league/formal_best10_full_ep50_allpairs_color_video_seed901/videos/tp_mixed_a0_morph__vs__tp_mixed_a1_fixed__slot0_tp_mixed_a0_morph__slot1_tp_mixed_a1_fixed__seed979.mp4
tp_mixed_a0_morph__vs__tp_morph_delay200_a0,tp_mixed_a0_morph,tp_morph_delay200_a0,100,60,12,28,12,60,268.0,76.0,0.6,0.12,0.28,1372.767784084047,-555.4675118916508,1928.2352959756975,301.88,tp_mixed_a0_morph__vs__tp_morph_delay200_a0__leg0|tp_mixed_a0_morph__vs__tp_morph_delay200_a0__leg1,reports/league/formal_best10_full_ep50_allpairs_color_video_seed901/videos/tp_mixed_a0_morph__vs__tp_morph_delay200_a0__slot0_tp_mixed_a0_morph__slot1_tp_morph_delay200_a0__seed981.mp4
tp_mixed_a0_morph__vs__tp_morph_delay200_a1,tp_mixed_a0_morph,tp_morph_delay200_a1,100,57,6,37,6,57,265.0,61.0,0.57,0.06,0.37,1464.425425807806,-942.0948753081057,2406.5203011159115,341.65,tp_mixed_a0_morph__vs__tp_morph_delay200_a1__leg0|tp_mixed_a0_morph__vs__tp_morph_delay200_a1__leg1,reports/league/formal_best10_full_ep50_allpairs_color_video_seed901/videos/tp_mixed_a0_morph__vs__tp_morph_delay200_a1__slot0_tp_mixed_a0_morph__slot1_tp_morph_delay200_a1__seed983.mp4
tp_mixed_a1_fixed__vs__tp_morph_delay200_a0,tp_mixed_a1_fixed,tp_morph_delay200_a0,100,51,10,39,10,51,243.0,79.0,0.51,0.1,0.39,1003.4816908486011,-801.2299345247911,1804.7116253733923,349.31,tp_mixed_a1_fixed__vs__tp_morph_delay200_a0__leg0|tp_mixed_a1_fixed__vs__tp_morph_delay200_a0__leg1,reports/league/formal_best10_full_ep50_allpairs_color_video_seed901/videos/tp_mixed_a1_fixed__vs__tp_morph_delay200_a0__slot0_tp_mixed_a1_fixed__slot1_tp_morph_delay200_a0__seed985.mp4
tp_mixed_a1_fixed__vs__tp_morph_delay200_a1,tp_mixed_a1_fixed,tp_morph_delay200_a1,100,55,14,31,14,55,251.0,87.0,0.55,0.14,0.31,1098.6948707284,-444.2162835157022,1542.9111542441021,352.66,tp_mixed_a1_fixed__vs__tp_morph_delay200_a1__leg0|tp_mixed_a1_fixed__vs__tp_morph_delay200_a1__leg1,reports/league/formal_best10_full_ep50_allpairs_color_video_seed901/videos/tp_mixed_a1_fixed__vs__tp_morph_delay200_a1__slot0_tp_mixed_a1_fixed__slot1_tp_morph_delay200_a1__seed987.mp4
tp_morph_a0__vs__tp_mixed_a0_morph,tp_morph_a0,tp_mixed_a0_morph,100,26,32,42,32,26,146.0,170.0,0.26,0.32,0.42,544.69193479241,473.2677500866716,71.4241847057383,367.41,tp_morph_a0__vs__tp_mixed_a0_morph__leg0|tp_morph_a0__vs__tp_mixed_a0_morph__leg1,reports/league/formal_best10_full_ep50_allpairs_color_video_seed901/videos/tp_morph_a0__vs__tp_mixed_a0_morph__slot0_tp_morph_a0__slot1_tp_mixed_a0_morph__seed963.mp4
tp_morph_a0__vs__tp_mixed_a1_fixed,tp_morph_a0,tp_mixed_a1_fixed,100,31,12,57,12,31,181.0,105.0,0.31,0.12,0.57,590.2663472341502,-719.0406514731332,1309.3069987072831,398.71,tp_morph_a0__vs__tp_mixed_a1_fixed__leg0|tp_morph_a0__vs__tp_mixed_a1_fixed__leg1,reports/league/formal_best10_full_ep50_allpairs_color_video_seed901/videos/tp_morph_a0__vs__tp_mixed_a1_fixed__slot0_tp_morph_a0__slot1_tp_mixed_a1_fixed__seed965.mp4
tp_morph_a0__vs__tp_morph_a1,tp_morph_a0,tp_morph_a1,100,18,19,63,19,18,135.0,139.0,0.18,0.19,0.63,286.82313616619376,-423.1899228098666,710.0130589760602,413.11,tp_morph_a0__vs__tp_morph_a1__leg0|tp_morph_a0__vs__tp_morph_a1__leg1,reports/league/formal_best10_full_ep50_allpairs_color_video_seed901/videos/tp_morph_a0__vs__tp_morph_a1__slot0_tp_morph_a0__slot1_tp_morph_a1__seed961.mp4
tp_morph_a0__vs__tp_morph_delay200_a0,tp_morph_a0,tp_morph_delay200_a0,100,58,19,23,19,58,255.0,99.0,0.58,0.19,0.23,1271.255861138105,-323.3670450461796,1594.622906184285,283.59,tp_morph_a0__vs__tp_morph_delay200_a0__leg0|tp_morph_a0__vs__tp_morph_delay200_a0__leg1,reports/league/formal_best10_full_ep50_allpairs_color_video_seed901/videos/tp_morph_a0__vs__tp_morph_delay200_a0__slot0_tp_morph_a0__slot1_tp_morph_delay200_a0__seed967.mp4
tp_morph_a0__vs__tp_morph_delay200_a1,tp_morph_a0,tp_morph_delay200_a1,100,49,15,36,15,49,232.0,96.0,0.49,0.15,0.36,1257.3151880483636,-575.293090083247,1832.6082781316106,331.4,tp_morph_a0__vs__tp_morph_delay200_a1__leg0|tp_morph_a0__vs__tp_morph_delay200_a1__leg1,reports/league/formal_best10_full_ep50_allpairs_color_video_seed901/videos/tp_morph_a0__vs__tp_morph_delay200_a1__slot0_tp_morph_a0__slot1_tp_morph_delay200_a1__seed969.mp4
tp_morph_a1__vs__tp_mixed_a0_morph,tp_morph_a1,tp_mixed_a0_morph,100,20,17,63,17,20,143.0,131.0,0.2,0.17,0.63,-298.47621052256403,-32.98869156601118,-265.48751895655295,404.44,tp_morph_a1__vs__tp_mixed_a0_morph__leg0|tp_morph_a1__vs__tp_mixed_a0_morph__leg1,reports/league/formal_best10_full_ep50_allpairs_color_video_seed901/videos/tp_morph_a1__vs__tp_mixed_a0_morph__slot0_tp_morph_a1__slot1_tp_mixed_a0_morph__seed971.mp4
tp_morph_a1__vs__tp_mixed_a1_fixed,tp_morph_a1,tp_mixed_a1_fixed,100,26,13,61,13,26,165.0,113.0,0.26,0.13,0.61,3.436655855893075,-252.8230329677863,256.2596888236793,406.49,tp_morph_a1__vs__tp_mixed_a1_fixed__leg0|tp_morph_a1__vs__tp_mixed_a1_fixed__leg1,reports/league/formal_best10_full_ep50_allpairs_color_video_seed901/videos/tp_morph_a1__vs__tp_mixed_a1_fixed__slot0_tp_morph_a1__slot1_tp_mixed_a1_fixed__seed973.mp4
tp_morph_a1__vs__tp_morph_delay200_a0,tp_morph_a1,tp_morph_delay200_a0,100,55,7,38,7,55,258.0,66.0,0.55,0.07,0.38,1170.037482029372,-749.2556124919121,1919.2930945212838,341.74,tp_morph_a1__vs__tp_morph_delay200_a0__leg0|tp_morph_a1__vs__tp_morph_delay200_a0__leg1,reports/league/formal_best10_full_ep50_allpairs_color_video_seed901/videos/tp_morph_a1__vs__tp_morph_delay200_a0__slot0_tp_morph_a1__slot1_tp_morph_delay200_a0__seed975.mp4
tp_morph_a1__vs__tp_morph_delay200_a1,tp_morph_a1,tp_morph_delay200_a1,100,52,15,33,15,52,241.0,93.0,0.52,0.15,0.33,880.9161777358554,-326.35481446730773,1207.2709922031636,328.05,tp_morph_a1__vs__tp_morph_delay200_a1__leg0|tp_morph_a1__vs__tp_morph_delay200_a1__leg1,reports/league/formal_best10_full_ep50_allpairs_color_video_seed901/videos/tp_morph_a1__vs__tp_morph_delay200_a1__slot0_tp_morph_a1__slot1_tp_morph_delay200_a1__seed977.mp4
tp_morph_delay200_a0__vs__tp_morph_delay200_a1,tp_morph_delay200_a0,tp_morph_delay200_a1,100,36,38,26,38,36,170.0,178.0,0.36,0.38,0.26,533.8987064010431,256.5272190190541,277.37148738198897,290.19,tp_morph_delay200_a0__vs__tp_morph_delay200_a1__leg0|tp_morph_delay200_a0__vs__tp_morph_delay200_a1__leg1,reports/league/formal_best10_full_ep50_allpairs_color_video_seed901/videos/tp_morph_delay200_a0__vs__tp_morph_delay200_a1__slot0_tp_morph_delay200_a0__slot1_tp_morph_delay200_a1__seed989.mp4
